time,Speed,Altitude,FuelLevel,WeatherCondition
10:33:54,4.66661,126.0843,99.63783, clear
10:33:59,4.723787,131.239,99.14368, clear
10:34:11,4.623977,133.8985,97.96021, clear
10:34:11,4.659727,134.9189,97.90343, turbulent
